Type,Value
MI,0.012145530075327936
Pearson,0.022941216955234992
Spearman,0.01749712481172405
Kendall,0.013680864892240758
QualityScore,9.85178672556474
